120;1;342
69;1;215
230;1;264
323;1;339
73;1;322
291;1;192
124;1;303
248;1;286
179;1;235
299;1;167
12;1;186
254;1;364
334;1;323
108;1;327
31;1;193
46;1;62
251;1;51
118;1;93
133;1;158
50;1;255
140;1;67
373;1;337
127;1;319
207;1;63
14;1;172
221;1;311
74;2;138
132;2;207
339;2;288
311;2;82
286;2;166
174;2;359
261;2;154
346;2;59
282;2;256
58;2;178
389;2;201
245;2;96
296;2;312
389;2;251
174;2;91
420;2;161
40;2;131
56;2;137
55;2;62
245;2;225
83;2;269
386;2;84
257;2;56
405;2;293
272;2;192
163;2;157
35;2;327
437;2;236
384;2;166
175;2;136
410;2;78
261;2;53
208;2;288
222;2;172
205;2;241
369;2;238
79;2;266
28;2;235
358;2;177
213;2;212
97;2;284
264;2;75
307;2;319
336;2;332
75;2;339
379;2;183
369;2;253
58;3;60
303;3;154
247;3;283
80;3;281
403;3;80
302;3;157
49;3;200
306;3;265
120;3;94
272;3;174
359;3;310
322;3;122
8;3;82
148;3;277
71;3;335
30;3;164
61;3;255
247;3;119
194;3;82
322;3;295
202;3;348
164;3;117
126;3;86
300;3;165
72;3;196
34;3;164
126;3;130
227;3;296
267;3;93
277;3;134
103;3;183
76;3;94
400;3;203
246;3;243
246;4;194
131;4;211
54;4;167
265;4;354
257;4;301
111;4;321
89;4;65
280;4;125
172;4;83
97;4;228
313;4;74
401;4;326
382;4;243
121;4;95
98;4;316
29;4;269
115;4;251
408;4;111
187;4;65
271;4;122
178;4;127
322;4;322
363;4;247
12;4;119
111;4;261
65;4;206
108;4;358
166;4;58
8;4;238
221;4;109
70;4;331
414;4;173
296;4;250
84;4;220
139;4;277
281;4;245
1;4;222
98;5;61
38;5;123
207;5;291
25;5;182
152;5;341
217;5;236
382;5;300
126;5;345
19;5;330
207;5;139
63;5;306
155;5;252
236;5;276
45;5;97
308;5;255
264;5;108
330;5;242
394;5;340
46;5;53
36;5;336
405;5;99
312;5;166
197;5;184
61;5;72
379;5;211
406;5;208
182;5;350
121;5;193
82;5;165
19;5;292
398;5;97
104;6;365
358;6;155
108;6;127
409;6;312
112;6;355
232;6;128
186;6;96
131;6;223
16;6;61
50;6;216
163;6;108
241;6;273
216;6;51
338;6;53
144;6;329
90;6;218
235;6;338
255;6;209
337;6;52
398;6;348
311;6;158
230;6;257
424;6;324
215;6;290
178;6;278
51;6;117
82;6;178
29;6;84
201;6;185
120;6;63
168;6;50
426;6;54
214;6;330
11;6;186
180;6;359
48;6;52
32;6;77
118;6;329
139;6;209
27;7;322
335;7;162
112;7;242
105;7;204
130;7;166
366;7;341
294;7;359
188;7;136
287;7;288
323;7;186
190;7;189
340;7;154
322;7;215
259;7;72
150;8;119
362;8;321
249;8;272
423;8;221
400;8;165
123;8;211
294;8;144
246;8;352
374;8;234
423;8;209
17;8;145
253;8;147
106;8;90
368;8;279
325;8;105
133;8;220
416;8;191
19;8;341
365;8;65
371;8;83
347;8;57
291;8;101
336;8;88
66;8;262
37;8;300
89;9;319
49;9;254
307;9;351
119;9;190
146;9;66
397;9;329
230;9;191
89;9;219
327;9;250
153;9;327
115;9;321
374;9;109
18;9;124
225;9;161
117;9;286
11;9;231
188;9;136
259;9;352
274;9;63
240;9;362
317;9;349
257;9;242
228;9;309
35;9;96
211;9;108
238;9;122
93;9;275
396;9;97
166;9;105
236;9;188
359;9;250
158;9;104
79;9;175
364;9;131
79;9;294
244;9;320
423;9;138
384;9;139
189;9;214
18;9;324
317;9;79
177;9;227
426;9;61
70;9;50
182;9;259
215;9;242
159;9;156
279;10;343
242;10;124
321;10;303
438;10;312
390;10;294
63;10;132
240;10;186
198;10;305
130;10;311
62;10;357
258;10;111
213;10;244
193;10;254
420;10;216
58;10;338
132;10;229
158;10;304
241;10;57
92;10;350
308;10;315
402;10;79
395;10;214
421;10;315
183;10;195
230;10;92
403;10;116
335;10;332
7;10;336
389;10;299
391;10;93
22;10;350
39;10;305
223;10;120
348;10;124
192;10;216
255;10;281
345;10;126
296;10;223
110;10;312
221;10;332
246;10;268
440;10;238
202;11;70
141;11;137
168;11;177
128;11;158
137;11;68
347;11;203
412;11;189
96;11;84
60;11;330
195;11;270
159;11;84
188;11;102
143;11;302
157;11;90
40;11;342
188;11;175
254;11;181
24;11;256
32;11;315
178;11;78
161;11;220
323;11;313
313;11;106
184;11;286
157;11;223
276;11;195
127;11;311
333;11;350
238;11;203
189;11;223
264;11;89
410;12;274
284;12;107
72;12;290
411;12;317
134;12;251
379;12;158
82;12;331
299;12;220
249;12;343
339;12;163
411;12;98
286;12;251
124;12;204
188;12;213
392;12;178
425;12;76
388;12;96
311;12;299
201;12;253
420;12;174
330;12;246
330;12;196
264;13;277
382;13;220
425;13;115
284;13;158
321;13;83
11;13;77
210;13;156
90;13;173
43;13;332
198;13;348
300;13;164
192;13;223
23;13;322
26;13;191
22;13;218
4;13;313
374;13;303
427;13;253
432;13;58
195;13;319
140;13;210
354;13;213
320;13;198
172;13;302
91;13;260
39;13;167
128;13;168
399;13;120
275;13;93
25;13;314
18;13;179
296;13;248
36;13;200
126;13;168
344;13;54
434;13;149
419;13;177
25;13;241
73;13;50
73;13;155
68;13;301
436;14;75
122;14;197
155;14;316
131;14;89
47;14;98
408;14;316
388;14;82
268;14;317
173;14;312
307;14;74
82;14;246
272;14;324
263;14;264
91;14;100
315;14;66
177;14;269
250;14;224
383;14;250
57;14;315
300;14;176
170;14;67
379;14;210
341;14;252
175;14;135
68;14;71
55;14;53
207;14;167
330;14;249
89;14;265
225;14;99
302;14;246
167;14;280
87;14;188
387;14;318
119;14;84
69;14;137
17;14;162
185;14;75
65;14;63
94;14;278
55;14;245
168;14;268
285;14;328
245;14;308
319;14;56
387;14;96
9;15;154
272;15;220
430;15;279
390;15;203
427;15;328
36;15;100
175;15;286
78;15;153
397;15;55
127;15;307
286;15;363
250;15;352
86;15;110
8;15;302
44;15;356
226;15;120
366;15;219
268;15;295
247;15;172
317;15;241
75;15;272
290;15;218
163;15;272
323;15;243
166;15;189
120;15;76
201;15;319
285;15;87
148;15;345
401;15;160
418;15;113
70;15;338
427;15;187
84;15;291
429;15;150
161;15;126
312;15;89
405;15;255
384;16;264
167;16;257
11;16;222
134;16;258
197;16;178
112;16;147
410;16;262
82;16;107
192;16;334
211;16;352
176;16;129
177;16;73
104;16;72
272;16;252
264;16;362
427;16;242
337;16;117
54;16;244
202;16;58
381;16;311
291;16;285
181;16;278
224;16;304
121;16;194
212;16;128
166;16;199
14;16;225
287;16;336
140;16;289
80;16;140
127;16;163
59;16;285
177;17;86
295;17;108
408;17;309
129;17;360
152;17;328
272;17;109
288;17;240
214;17;283
33;17;69
137;17;249
72;17;64
337;17;68
270;17;219
233;17;179
89;17;208
5;17;143
203;17;132
144;17;295
252;17;232
288;17;50
291;17;51
430;17;363
317;17;118
371;17;204
143;17;221
5;17;359
438;17;188
6;17;323
295;17;64
333;17;136
223;17;316
236;17;209
46;17;326
198;17;246
336;17;65
136;17;58
435;17;73
408;17;297
386;17;295
155;17;160
217;17;323
302;17;156
75;17;229
300;18;295
89;18;268
67;18;60
204;18;171
130;18;141
360;18;265
241;18;71
358;18;251
433;18;124
247;18;247
361;19;228
315;19;62
324;19;257
432;19;278
254;19;360
288;19;278
360;19;93
327;19;312
130;19;252
254;19;212
96;19;268
300;19;242
342;19;91
408;19;121
27;19;67
412;19;249
297;19;200
404;19;271
225;19;168
261;19;190
292;19;349
326;19;251
333;19;143
413;19;351
202;19;336
110;19;93
116;19;323
250;19;227
140;19;152
90;19;50
314;20;226
177;20;149
340;20;203
388;20;156
8;20;292
302;20;295
3;20;157
56;20;112
377;20;122
110;20;97
420;20;65
440;20;104
294;20;305
290;20;365
41;20;295
330;20;271
411;20;122
123;20;102
437;21;82
131;21;84
23;21;115
230;21;102
438;21;138
57;21;175
88;21;317
353;21;174
81;21;89
74;21;71
179;21;237
176;21;130
411;21;140
382;21;286
200;21;303
366;21;91
360;21;361
355;21;277
17;21;261
264;21;290
274;21;275
315;21;331
332;21;149
22;21;94
72;21;84
313;21;167
410;21;290
71;21;254
312;21;305
112;21;294
161;21;247
106;21;113
46;21;353
361;21;258
244;21;82
64;21;76
32;21;166
63;21;226
111;21;344
191;21;348
97;21;340
23;21;308
5;21;210
214;21;182
432;21;328
403;21;211
308;21;163
293;21;294
375;22;168
301;22;250
390;22;95
313;22;180
16;22;225
165;22;256
249;22;364
157;22;73
304;22;179
394;22;345
1;22;261
92;22;200
389;22;79
121;22;270
291;22;321
245;22;138
425;22;323
427;22;106
315;22;123
342;22;149
429;22;225
271;22;140
399;22;295
193;22;287
41;22;361
404;22;159
423;22;178
175;22;196
97;22;323
270;22;51
154;22;98
407;22;154
45;22;238
219;22;159
43;22;221
261;22;274
287;22;354
239;22;332
361;22;236
352;22;94
116;22;270
411;23;124
207;23;127
52;23;250
337;23;57
216;23;307
36;23;61
7;23;54
96;23;169
318;23;58
181;23;307
40;23;310
218;23;59
392;23;172
237;23;73
162;23;280
379;24;90
64;24;183
221;24;341
15;24;91
222;24;126
26;24;135
350;24;299
438;24;227
361;24;135
310;24;60
182;24;172
156;24;79
325;24;76
360;24;243
21;24;229
157;24;83
247;24;274
193;24;184
230;24;349
419;24;174
390;24;267
60;24;267
221;24;230
37;25;230
278;25;167
136;25;150
172;25;64
120;25;89
37;25;259
214;25;231
417;25;281
422;25;241
25;25;351
43;25;293
17;25;323
44;25;267
414;25;199
23;25;259
297;25;219
278;25;347
33;25;208
372;25;73
353;25;238
151;25;363
217;25;339
393;25;233
420;25;250
17;25;243
345;25;228
131;25;154
134;25;274
140;25;144
160;25;229
380;25;224
277;25;246
315;25;81
356;25;303
234;25;344
355;25;233
394;25;219
303;25;64
275;26;181
114;26;106
198;26;81
262;26;330
135;26;168
158;26;359
417;26;320
272;26;298
229;26;255
44;26;270
329;27;245
162;27;125
108;27;313
281;27;196
250;27;55
394;27;151
286;27;210
344;27;360
339;27;302
203;27;213
352;27;247
292;27;260
181;27;325
119;27;316
297;27;111
146;27;68
281;27;359
377;27;351
175;27;151
250;27;56
433;27;128
436;27;206
432;27;99
269;27;131
218;27;303
263;27;136
417;27;343
82;27;171
413;27;276
179;27;176
378;27;359
363;27;214
122;27;360
387;27;166
115;27;159
399;27;170
64;27;239
50;27;172
146;27;331
356;27;348
111;27;122
40;27;351
63;27;344
311;28;246
192;28;300
212;28;92
185;28;191
80;28;242
349;28;68
176;28;223
426;28;195
317;28;206
45;28;92
287;28;306
247;28;356
108;28;221
252;28;286
249;28;244
436;28;63
347;28;233
189;28;76
220;28;176
316;28;243
45;28;287
208;28;68
56;28;195
362;28;168
318;28;199
5;28;140
294;28;162
20;28;347
374;28;188
117;28;199
341;28;56
147;28;64
307;28;333
73;28;254
121;28;175
97;28;344
9;29;220
367;29;227
437;29;316
23;29;199
181;29;110
111;29;164
314;29;152
356;29;192
116;29;56
294;29;286
79;29;56
211;29;362
90;30;347
387;30;145
194;30;165
282;30;102
40;30;342
53;30;149
351;30;245
341;30;218
87;30;206
37;30;53
18;30;294
205;30;197
301;30;342
105;30;209
257;30;76
102;30;344
198;30;135
70;30;66
341;30;196
363;30;306
399;30;322
244;30;336
231;30;115
106;30;90
414;30;96
168;30;289
250;30;355
59;30;108
116;31;221
225;31;72
252;31;225
15;31;318
353;31;315
270;31;179
115;31;100
291;31;261
5;31;85
352;31;183
286;31;242
197;31;121
16;31;296
321;31;272
420;31;183
196;31;112
223;31;331
272;31;237
26;31;282
96;31;310
376;32;218
234;32;132
251;32;160
235;32;84
244;32;224
128;32;121
4;32;321
243;32;193
101;32;139
162;32;60
116;32;181
300;32;300
440;32;316
69;32;264
411;32;179
221;32;266
43;32;123
74;32;143
18;32;263
111;32;107
105;32;263
148;33;159
46;33;324
317;33;50
98;33;300
123;33;50
58;33;236
164;33;268
361;33;172
396;33;132
380;33;353
75;33;285
163;33;194
321;34;72
6;34;300
1;34;261
415;34;353
271;34;351
413;34;111
48;34;143
161;34;306
200;34;263
207;34;316
44;34;121
276;34;281
231;34;112
232;34;210
373;34;352
341;34;284
298;34;158
71;34;350
290;34;361
57;34;181
55;34;343
336;34;156
286;34;179
257;34;362
192;34;245
104;35;112
136;35;64
5;35;142
90;35;120
321;35;203
147;35;270
430;35;295
311;35;213
349;35;228
205;35;103
434;35;142
294;35;145
183;35;52
359;35;323
328;35;327
378;35;237
174;35;209
394;35;198
54;35;316
163;35;145
256;35;138
416;36;213
104;36;364
139;36;130
357;36;112
216;36;91
43;36;193
24;36;350
358;36;78
355;36;96
313;36;113
85;36;104
48;36;76
219;36;173
237;36;186
247;36;252
329;36;172
374;36;51
384;36;173
63;36;234
368;36;170
347;36;108
303;36;109
271;36;57
117;36;63
439;36;75
63;36;229
284;36;252
362;36;315
319;36;89
223;37;86
234;37;335
131;37;125
335;37;246
14;37;332
82;37;177
228;37;302
125;37;290
111;37;260
34;37;209
315;37;70
67;37;111
324;37;148
243;37;188
372;37;156
374;37;132
124;37;103
3;37;51
401;37;208
218;37;291
37;38;167
214;38;108
265;38;319
398;38;154
408;38;132
317;38;68
11;38;168
286;38;310
350;38;113
190;38;335
414;38;248
369;38;267
439;38;236
340;38;187
293;38;135
289;38;243
249;38;182
121;38;121
247;38;325
172;38;146
137;38;115
149;38;337
31;38;343
376;38;158
164;38;336
335;38;208
344;38;306
263;38;99
2;38;276
225;38;298
277;38;241
371;39;128
102;39;149
68;39;74
293;39;135
145;39;336
206;39;207
1;39;257
334;39;303
260;39;226
429;39;313
377;39;203
438;40;210
412;40;129
259;40;345
248;40;348
317;40;119
367;40;120
137;40;110
252;40;129
367;40;233
75;40;123
356;40;173
104;40;173
107;40;131
101;40;107
208;40;57
404;40;124
170;40;259
278;40;174
99;40;197
251;40;269
173;40;210
108;40;213
174;40;258
263;40;345
316;40;54
325;40;170
369;40;109
404;40;166
360;40;209
175;40;268
106;40;241
265;40;114
131;40;362
212;40;358
80;40;255
64;40;319
167;40;278
26;40;147
272;40;263
2;41;200
427;41;289
142;41;155
139;41;235
77;41;178
335;41;300
234;41;166
398;41;121
236;41;342
315;41;232
84;41;63
405;41;277
340;41;165
215;41;233
124;41;281
434;41;337
78;41;192
272;41;77
82;41;279
257;41;118
155;41;330
411;41;353
233;41;136
237;41;109
110;41;176
339;41;331
332;41;333
355;41;95
18;41;353
162;41;242
375;41;240
35;41;77
83;41;87
271;41;94
12;41;193
177;41;204
193;41;337
19;41;201
162;41;92
47;41;238
37;41;69
204;41;327
412;41;158
120;41;314
5;41;276
302;42;214
19;42;234
366;42;144
47;42;91
380;42;292
59;42;334
422;42;361
119;42;359
254;42;349
27;42;252
136;42;102
438;42;280
119;42;197
339;42;128
139;42;296
139;42;204
28;42;328
229;42;155
332;42;231
415;42;109
308;42;355
151;42;75
51;42;231
135;42;85
363;42;281
178;42;90
24;42;244
333;42;350
255;42;172
208;42;255
238;42;299
313;42;314
16;42;323
326;42;191
107;42;110
394;42;194
387;42;121
228;42;224
168;42;51
330;42;346
173;42;73
260;42;114
190;42;156
351;42;63
53;42;310
399;42;235
164;43;73
285;43;137
114;43;346
383;43;323
111;43;236
174;43;142
395;43;317
235;43;132
74;43;201
62;43;338
361;43;217
440;43;144
6;43;57
93;43;310
403;43;141
23;43;64
151;43;304
317;43;313
85;43;305
318;43;228
60;43;135
240;43;224
71;43;54
325;43;325
371;43;341
156;43;357
268;43;236
330;43;150
180;43;228
20;43;348
179;43;212
98;43;88
11;43;200
391;43;80
215;44;339
331;44;100
264;44;115
242;44;122
65;44;158
239;44;78
8;44;220
95;44;213
321;44;340
253;44;137
96;44;261
373;44;57
406;44;140
363;44;74
318;44;239
93;44;259
239;44;150
307;44;306
3;44;365
163;44;295
64;44;78
181;44;202
152;44;292
32;44;230
338;44;87
265;44;69
276;44;289
137;44;256
381;44;351
336;44;218
282;44;175
340;44;187
155;44;180
243;44;239
294;45;127
10;45;110
47;45;313
394;45;132
200;45;56
34;45;183
365;45;95
247;45;149
430;45;214
16;45;287
166;45;170
378;45;338
229;46;136
5;46;195
49;46;229
104;46;233
418;46;333
231;46;125
14;46;269
145;46;132
232;46;76
257;46;102
359;46;272
311;46;91
299;46;365
391;46;312
1;47;138
264;47;153
325;47;224
206;47;242
16;47;102
238;47;87
87;47;85
275;47;207
391;47;223
162;47;207
230;47;178
66;47;362
440;47;249
144;47;274
433;47;86
156;47;291
117;47;146
415;47;242
82;47;105
37;47;279
318;47;175
185;47;273
93;47;360
227;47;334
342;47;249
118;47;98
109;47;274
436;47;263
130;47;350
183;47;55
344;47;339
295;47;197
124;47;305
336;47;332
281;47;144
43;47;179
191;47;335
400;47;77
212;47;241
256;47;118
281;47;204
145;48;122
67;48;325
53;48;143
268;48;185
350;48;340
391;48;165
182;48;83
343;48;252
105;48;309
234;48;60
331;48;175
192;48;158
298;48;197
186;48;79
220;48;178
7;48;209
354;48;204
7;48;350
82;48;192
401;48;164
242;48;106
50;48;236
314;48;52
207;48;116
187;48;253
301;48;268
125;48;241
200;48;75
53;48;225
58;48;79
278;48;265
167;48;149
96;48;309
225;48;130
33;49;287
401;49;70
281;49;248
321;49;303
159;49;279
172;49;59
96;49;159
219;49;284
127;49;298
418;49;142
431;49;250
52;49;151
116;49;148
183;49;54
295;49;136
119;49;198
22;49;226
35;49;330
269;49;105
116;49;314
228;49;135
20;49;173
208;49;62
197;49;70
107;49;163
139;49;51
259;49;87
137;49;309
196;49;246
8;49;145
66;49;363
30;50;73
83;50;246
302;50;260
179;50;359
322;50;118
377;50;292
435;50;50
75;50;359
342;50;176
78;50;258
411;50;234
275;50;103
156;50;236
392;50;298
375;50;216
326;50;211
262;50;254
131;50;236
23;50;247
434;50;92
157;50;78
74;50;55
15;50;142
280;50;328
41;50;345
206;50;77
266;50;219
323;51;63
278;51;254
153;51;99
179;51;204
260;51;278
126;51;316
78;51;216
191;51;193
230;51;75
176;51;348
111;51;358
325;51;64
122;51;250
242;51;53
198;51;115
67;51;243
360;51;295
125;51;173
6;51;213
420;51;126
429;51;348
59;51;204
145;51;255
139;51;188
117;51;277
416;51;253
98;51;226
415;51;237
180;51;264
96;51;117
394;51;310
321;51;161
89;51;119
94;51;55
240;51;178
130;51;98
424;51;251
206;51;68
368;51;226
412;51;182
240;51;358
75;51;248
55;51;278
380;51;145
234;51;205
128;51;349
17;51;217
437;51;299
414;51;319
302;52;221
352;52;292
297;52;206
239;52;84
224;52;249
438;52;163
321;52;340
24;52;50
95;52;171
261;52;70
87;52;333
140;52;99
364;52;144
72;52;220
61;52;200
154;52;361
7;52;76
311;52;71
153;52;231
235;52;276
438;52;244
85;52;205
391;52;207
345;52;318
4;52;110
400;52;221
152;52;61
57;52;264
250;52;335
163;52;294
327;52;171
374;52;314
228;52;156
342;52;162
19;52;352
195;52;206
208;52;231
191;52;144
350;52;181
314;52;195
27;53;340
389;53;83
35;53;274
310;53;60
97;53;267
11;53;195
253;53;197
343;53;233
230;53;86
432;53;231
414;53;210
301;53;311
8;53;347
131;53;177
100;53;196
358;53;149
218;53;89
10;53;293
88;53;241
52;54;298
358;54;125
126;54;327
270;54;135
64;54;52
376;54;197
147;54;135
346;54;99
315;54;273
210;54;165
346;54;69
393;54;61
196;54;185
288;54;279
1;54;361
231;54;326
366;54;315
341;54;147
366;54;178
348;54;122
216;54;285
158;55;80
135;55;327
394;55;197
59;55;233
257;55;253
58;55;141
164;55;54
117;55;224
367;55;216
178;55;325
4;56;148
133;56;199
290;56;156
253;56;341
169;56;309
28;56;234
302;56;273
74;56;174
381;56;134
115;56;290
87;56;119
316;56;319
101;56;114
6;56;345
178;56;212
161;56;211
210;56;222
138;56;93
439;56;55
370;56;97
7;56;99
360;56;309
60;56;288
228;56;259
95;56;358
111;57;155
213;57;227
43;57;166
190;57;296
52;57;276
266;57;316
251;57;223
146;57;88
179;57;358
417;57;160
42;57;256
77;57;201
144;58;244
276;58;60
259;58;176
8;58;329
64;58;77
141;58;329
321;58;306
309;58;168
145;58;233
420;58;107
106;58;168
323;58;134
374;58;68
358;58;332
40;58;341
202;58;273
440;58;359
428;58;318
122;58;179
48;58;304
166;58;315
109;58;246
147;58;225
122;58;260
83;58;102
162;58;161
267;58;77
313;58;224
186;58;58
370;58;264
165;58;250
173;58;304
363;58;181
224;58;364
185;58;263
166;59;343
124;59;147
424;59;222
192;59;282
133;59;365
118;59;258
98;59;143
270;59;229
257;59;272
95;59;291
422;59;237
364;59;125
306;59;126
295;59;348
417;59;236
60;59;149
153;59;193
400;59;56
178;59;117
92;59;300
239;59;309
376;59;243
202;59;61
75;59;330
37;59;315
308;60;136
41;60;134
428;60;252
177;60;147
144;60;312
311;60;59
311;60;365
78;60;319
76;60;86
219;60;100
395;60;287
372;60;265
89;60;302
331;60;279
246;60;166
421;60;321
286;60;255
348;61;163
270;61;284
391;61;174
378;61;202
385;61;232
84;61;75
147;61;251
289;61;271
431;61;241
3;61;354
94;61;350
34;62;237
80;62;218
167;62;143
165;62;194
54;62;147
328;62;277
402;62;175
80;62;52
311;62;251
145;62;92
408;62;289
428;62;168
380;62;311
117;62;123
55;62;83
135;62;215
110;62;365
320;62;144
87;62;268
57;62;231
70;62;237
74;62;152
439;62;111
263;62;155
123;62;327
258;62;324
274;62;235
300;62;218
277;62;168
203;62;198
229;62;231
30;62;177
352;62;332
215;62;66
234;62;294
216;63;212
298;63;145
142;63;147
390;63;238
84;63;96
260;63;361
165;63;354
56;63;335
276;63;151
167;63;101
220;63;233
12;63;362
34;63;64
280;63;75
330;63;197
435;63;120
399;63;158
367;63;196
222;63;308
399;63;171
261;63;109
162;63;102
336;63;355
229;63;356
326;63;165
110;63;191
66;63;355
375;64;167
245;64;183
325;64;287
274;64;273
306;64;279
107;64;170
359;64;95
317;64;230
341;64;241
188;64;188
270;64;310
63;64;331
341;64;167
62;64;98
65;64;285
279;64;54
258;64;135
87;64;222
83;65;150
151;65;240
196;65;361
31;65;255
409;65;250
184;65;192
52;65;351
202;65;154
366;65;76
130;65;346
314;66;343
120;66;147
126;66;119
373;66;146
259;66;87
265;66;73
263;66;278
358;66;118
358;66;310
138;66;259
269;66;156
188;66;64
51;66;317
70;66;160
204;66;250
211;66;193
129;66;171
119;66;61
182;66;316
215;66;201
50;66;92
203;66;131
340;66;250
356;66;192
437;66;153
355;66;214
401;66;176
337;66;149
330;66;333
201;66;92
56;66;319
388;66;107
39;66;312
394;66;344
273;66;111
381;66;75
202;66;239
80;66;361
275;66;308
177;66;234
36;66;337
326;66;120
209;67;91
138;67;67
414;67;158
207;67;339
211;67;50
418;67;142
264;67;100
108;67;326
68;67;253
11;67;159
182;67;359
436;67;242
230;67;136
383;67;54
68;67;59
54;67;242
178;67;267
343;67;139
284;67;82
228;67;146
300;67;331
255;67;290
273;68;183
154;68;267
210;68;320
115;68;110
355;68;180
372;68;302
268;68;326
93;68;318
204;68;247
409;68;175
270;68;179
147;68;191
326;68;81
230;68;104
287;68;332
169;68;257
352;68;67
297;68;162
210;68;140
140;68;342
349;68;68
308;68;340
188;68;198
209;68;296
59;68;363
49;68;133
342;68;333
286;68;168
50;68;266
327;68;181
205;68;201
190;68;285
399;68;127
161;68;334
359;68;214
180;68;251
76;69;316
274;69;69
314;69;153
67;69;94
10;69;199
225;69;254
207;69;204
418;69;217
385;69;82
421;69;97
220;69;129
346;69;156
253;69;327
129;69;329
251;69;214
187;69;121
308;70;330
220;70;360
281;70;342
201;70;337
319;70;306
326;70;176
36;70;330
104;70;204
235;70;345
38;70;346
190;70;117
41;70;176
276;70;130
187;70;175
229;70;291
358;70;321
380;70;184
363;70;264
394;70;220
120;70;108
25;70;202
385;70;190
211;70;255
88;70;356
89;70;237
41;70;335
154;70;134
76;70;303
226;70;96
364;70;127
388;70;110
8;70;206
342;70;316
195;70;346
88;70;117
407;70;307
143;70;264
189;70;129
175;71;226
36;71;152
32;71;200
200;71;81
373;71;82
165;71;58
405;71;246
214;71;149
428;71;140
341;71;247
274;71;53
291;71;264
249;71;342
403;71;103
156;71;215
1;71;102
388;71;90
65;71;192
435;71;57
393;71;325
331;72;352
92;72;358
172;72;120
231;72;280
225;72;64
263;72;258
354;72;358
42;72;257
145;72;148
166;72;358
221;72;149
342;72;72
439;72;122
201;72;236
269;72;233
6;72;127
157;72;280
68;72;71
198;72;176
193;72;226
34;72;57
35;72;52
120;72;97
237;72;243
118;72;285
334;72;199
237;72;252
105;72;52
180;72;144
183;72;79
52;72;329
68;72;365
417;72;167
8;72;349
84;72;192
65;72;217
11;72;79
113;72;105
283;72;98
78;72;329
370;72;209
175;72;327
105;72;161
69;72;338
168;72;268
233;72;352
240;72;90
12;73;148
424;73;151
249;73;179
3;73;227
47;73;142
389;73;334
33;73;296
130;73;82
120;73;268
248;73;250
365;73;301
360;73;230
62;73;348
436;73;88
290;73;107
426;73;361
84;73;154
19;73;135
69;73;333
311;73;199
192;73;313
396;73;237
132;73;182
309;73;99
273;73;173
185;73;317
347;73;173
261;73;163
53;74;203
17;74;184
28;74;200
166;74;201
122;74;336
384;74;197
20;74;171
13;74;92
63;74;304
113;74;201
242;74;202
43;74;323
362;74;310
249;74;313
354;74;125
138;74;317
129;74;265
42;74;334
253;74;166
363;74;72
310;74;301
81;74;217
302;74;342
432;74;125
70;74;52
427;74;76
68;74;153
297;74;347
338;74;93
357;74;160
133;74;76
380;74;76
220;74;76
82;74;142
433;74;213
227;74;364
1;74;208
262;74;361
114;74;320
294;74;233
236;74;228
240;75;218
183;75;244
294;75;264
381;75;334
34;75;167
49;75;234
421;75;322
210;75;78
344;75;82
42;75;81
51;75;293
296;75;221
305;75;169
187;75;279
163;75;351
127;75;89
57;75;280
268;75;180
252;75;329
192;75;190
390;75;254
296;75;58
241;75;177
212;75;327
124;75;260
319;75;330
110;75;244
209;75;161
248;75;224
88;75;214
88;75;61
387;75;174
135;75;64
197;75;64
411;75;337
369;75;184
100;75;162
296;75;85
387;75;117
215;76;166
128;76;301
329;76;127
218;76;323
417;76;143
305;76;209
380;76;256
358;76;152
188;76;95
264;76;332
70;76;361
6;77;147
151;77;114
372;77;328
58;77;177
351;77;222
413;77;337
284;77;272
260;77;186
415;77;283
300;77;284
38;77;165
227;77;356
24;77;237
135;77;231
343;78;134
17;78;330
154;78;234
186;78;175
305;78;79
326;78;193
324;78;92
277;78;343
359;78;64
118;78;270
84;78;186
15;78;349
397;78;300
72;78;235
182;79;269
158;79;364
157;79;52
36;79;275
98;79;178
121;79;269
336;79;358
194;79;74
32;79;101
231;79;112
189;79;301
59;79;161
149;79;348
113;79;323
418;79;198
44;79;140
41;79;206
93;79;365
189;79;134
418;79;183
339;79;340
350;79;337
148;79;68
384;79;208
43;79;233
380;79;357
109;79;359
408;79;266
307;79;119
261;79;162
105;79;187
402;79;136
353;79;113
437;79;158
341;79;109
185;79;226
414;79;141
322;79;140
303;79;211
400;79;192
21;79;192
323;79;122
249;79;179
388;79;348
47;80;303
152;80;306
194;80;238
167;80;105
242;80;104
140;80;53
193;80;274
425;80;70
96;80;150
32;80;263
20;80;135
380;80;121
371;80;201
289;80;143
175;80;304
224;80;110
170;80;270
5;80;350
190;80;210
334;80;346
198;80;184
244;80;251
329;80;84
156;80;320
153;80;53
168;80;112
73;80;126
122;80;241
336;80;327
30;80;314
111;80;63
16;80;295
182;80;271
110;81;274
399;81;333
112;81;273
395;81;249
349;81;175
168;81;254
176;81;178
148;81;134
387;81;149
352;81;209
284;81;99
303;81;341
129;81;287
438;81;117
436;81;94
31;81;164
345;81;249
212;81;62
154;81;242
72;81;132
94;81;201
329;81;133
219;81;218
262;81;180
15;81;87
46;81;85
183;81;306
352;81;186
396;81;291
287;81;316
99;81;304
209;81;113
130;81;248
106;81;327
435;81;110
226;81;145
94;81;251
86;81;182
398;81;130
122;81;111
46;81;51
172;82;84
432;82;241
310;82;263
382;82;143
95;82;348
91;82;221
272;82;217
236;82;92
388;82;123
257;82;153
214;82;361
404;82;177
270;82;99
277;82;59
199;82;361
387;82;360
412;82;237
260;82;212
343;82;87
255;82;117
95;82;243
355;82;208
189;82;64
105;82;123
56;82;127
289;82;59
305;82;352
33;82;253
376;82;128
149;82;274
161;82;98
274;82;177
194;82;62
412;82;180
268;82;219
50;82;299
53;82;92
292;82;305
345;82;94
349;82;107
415;82;130
350;82;124
154;82;157
167;82;239
412;82;207
81;82;345
292;82;141
122;83;228
89;83;96
278;83;319
439;83;350
243;83;351
296;83;61
296;83;142
367;83;346
211;83;264
358;83;135
149;83;214
129;83;68
173;84;162
409;84;129
387;84;358
208;84;94
285;84;358
427;84;234
166;84;87
232;84;142
110;84;183
385;84;248
435;84;213
253;84;148
141;84;190
274;84;183
7;84;158
284;84;129
248;84;120
278;84;61
416;84;349
280;84;73
142;84;81
383;84;57
94;84;285
364;84;150
338;84;126
86;84;362
195;84;79
426;84;139
170;84;248
219;84;126
436;84;283
136;85;348
62;85;302
285;85;217
6;85;182
8;85;99
33;85;268
21;85;116
387;85;285
351;85;326
181;85;268
301;85;78
96;85;109
212;85;192
43;85;147
417;85;234
3;85;182
335;85;75
80;85;229
306;85;239
259;85;252
313;85;242
136;85;218
135;85;87
407;85;330
197;85;355
122;85;289
224;85;245
430;85;230
231;85;195
28;85;94
312;85;138
215;85;251
263;85;57
44;86;133
146;86;340
375;86;58
309;86;100
307;86;213
136;86;336
68;86;315
115;86;277
250;86;178
243;86;127
185;86;220
132;86;147
20;86;280
170;86;298
132;86;245
227;86;361
430;86;155
419;86;202
367;86;137
267;86;200
74;86;76
25;86;282
155;86;223
39;86;122
30;86;172
167;86;91
278;86;356
34;86;246
303;86;135
211;86;230
177;86;356
302;86;68
329;86;135
351;86;100
306;86;286
166;86;52
28;86;85
32;86;278
210;86;271
46;86;83
87;86;161
434;86;361
22;87;232
424;87;157
26;87;251
372;87;212
121;87;84
237;87;154
190;87;97
26;87;152
51;87;117
101;87;327
139;87;317
72;87;142
79;87;295
192;87;50
179;87;79
380;87;142
103;87;200
53;87;200
112;87;331
47;87;218
414;87;200
217;87;292
178;87;323
304;87;213
422;87;254
179;87;274
339;87;325
8;87;316
356;87;241
302;87;221
276;87;242
189;87;287
317;87;293
80;87;277
187;87;75
310;87;243
67;87;239
339;87;135
300;87;331
70;87;185
314;88;168
161;88;146
280;88;247
371;88;229
399;88;103
140;88;285
432;88;263
340;88;119
93;88;279
342;88;98
61;88;70
302;88;327
426;88;316
108;88;253
381;88;178
280;88;175
319;88;346
250;88;299
172;88;113
109;88;225
288;88;191
288;88;271
126;88;225
359;88;332
195;88;68
235;88;72
363;88;94
302;88;65
167;88;261
74;89;257
357;89;179
239;89;322
59;89;289
223;89;70
140;89;134
405;89;262
66;89;273
226;89;219
130;89;69
66;89;207
90;89;186
57;89;342
40;89;134
434;89;54
267;89;63
281;89;107
179;89;325
324;89;283
283;89;131
356;89;51
408;90;353
51;90;342
433;90;361
137;90;164
48;90;257
126;90;85
120;90;320
386;90;152
343;90;166
96;90;179
140;90;178
133;90;363
135;90;340
391;90;327
134;90;162
405;90;110
136;90;272
356;90;218
104;90;264
59;90;117
170;90;115
341;90;134
366;90;216
181;91;348
205;91;195
429;91;165
120;91;279
88;91;133
435;91;159
201;91;269
397;91;354
85;91;215
417;91;106
127;91;173
366;91;79
25;91;233
23;91;252
153;91;104
245;91;356
314;91;199
188;91;240
2;91;189
318;91;284
47;91;348
439;91;274
235;91;354
114;91;249
137;91;271
290;91;222
112;91;320
170;91;336
172;91;322
163;91;216
208;91;153
179;91;147
436;91;187
18;91;247
127;92;116
427;92;113
170;92;152
180;92;133
87;92;295
299;92;107
64;92;313
433;92;92
222;92;299
299;92;327
296;92;124
436;92;279
413;92;69
202;92;87
295;92;139
310;92;223
414;92;284
303;92;337
144;92;295
264;92;70
89;92;245
162;92;232
204;92;305
51;92;151
134;92;352
346;92;191
221;92;104
50;92;151
320;92;214
298;92;268
164;92;79
398;92;162
198;92;313
224;92;56
339;92;363
173;92;203
220;92;233
96;92;310
127;92;120
186;92;347
350;92;248
49;93;82
283;93;73
306;93;208
365;93;91
64;93;112
210;93;229
183;93;333
252;93;56
397;93;259
114;93;59
406;93;307
351;93;349
113;93;127
57;93;110
38;93;159
403;93;183
288;93;300
349;93;109
373;93;106
236;93;166
361;93;273
371;93;176
225;93;202
70;93;325
48;93;252
367;93;275
38;93;77
225;93;317
25;93;295
124;93;170
417;93;324
11;93;263
118;93;214
81;93;350
279;93;354
249;93;307
412;93;352
84;94;312
282;94;209
290;94;53
262;94;158
396;94;280
147;94;98
267;94;277
163;94;189
271;94;132
274;94;69
364;94;290
415;94;263
27;94;54
190;94;153
247;94;198
327;94;167
280;94;71
300;94;353
240;94;290
64;94;144
258;94;178
319;94;84
362;94;253
360;94;228
13;94;311
377;94;87
79;94;161
275;94;131
185;94;249
343;94;237
349;94;308
20;94;64
425;94;242
81;94;141
154;94;343
127;94;104
42;94;166
309;94;167
180;94;312
13;94;105
212;95;97
270;95;230
193;95;76
382;95;308
126;95;292
163;95;184
215;95;70
161;95;138
275;95;223
243;95;340
333;95;306
273;95;136
293;95;229
49;95;279
372;95;235
126;95;321
318;95;154
312;95;271
359;95;57
134;95;194
3;95;177
12;95;265
69;95;136
346;95;286
125;96;118
363;96;237
278;96;303
12;96;54
98;96;107
439;96;252
281;96;166
159;96;119
267;96;64
144;96;294
191;96;344
432;96;207
212;96;348
59;96;64
375;96;342
339;96;328
293;97;234
217;97;298
288;97;115
215;97;316
238;97;58
174;97;272
143;97;342
99;97;82
137;97;145
332;97;161
150;97;237
106;97;148
428;97;135
75;97;70
120;97;184
148;97;109
43;97;118
290;97;295
283;97;359
293;97;284
29;97;265
305;98;82
233;98;64
395;98;53
396;98;92
419;98;220
203;98;59
46;98;137
329;98;331
391;98;164
240;98;354
144;98;120
5;98;173
223;98;308
318;98;327
360;98;358
432;98;343
226;98;188
120;98;264
264;98;92
22;98;256
361;98;261
272;98;171
428;98;112
190;98;225
340;98;160
64;98;356
50;98;164
10;98;175
403;98;200
399;98;225
229;98;149
272;98;153
118;98;144
45;98;153
313;98;267
57;98;144
234;98;236
312;98;116
37;98;346
253;98;275
46;98;75
363;98;201
54;98;297
419;98;207
52;98;70
194;98;363
169;99;276
126;99;148
339;99;111
370;99;169
97;99;75
185;99;175
360;99;353
376;99;201
291;99;349
111;99;57
184;99;317
277;99;118
228;99;261
122;99;71
254;99;322
152;99;156
312;99;134
53;99;169
213;99;344
19;99;232
145;99;266
89;99;63
380;99;163
312;99;57
421;99;183
225;99;354
333;100;289
192;100;164
244;100;129
356;100;364
208;100;352
59;100;112
51;100;342
135;100;126
200;100;302
240;100;359
72;100;101
164;100;286
106;100;154
55;100;113
48;100;354
32;100;176
43;100;176
342;100;223
417;100;160
287;100;336
137;100;204
288;100;282
175;100;352
66;100;315
425;100;313
436;100;183
221;100;185
362;100;333
102;100;274
347;100;333
20;100;334
21;100;211
247;100;358
315;100;147
170;100;250
376;100;78
382;100;178
109;101;260
309;101;154
263;101;191
270;101;272
313;101;136
438;101;56
278;101;187
141;101;282
118;101;165
379;101;64
3;101;205
152;101;227
309;101;98
322;101;53
397;101;141
94;101;340
305;101;322
41;101;341
402;101;71
38;101;256
288;101;79
135;101;79
36;101;165
78;101;263
325;101;183
329;101;295
12;101;139
139;101;348
78;101;144
175;101;262
26;101;350
308;101;337
44;101;249
399;101;137
250;101;213
173;101;56
94;101;292
181;101;71
411;101;310
327;101;216
430;101;301
417;101;101
336;102;193
142;102;175
95;102;225
135;102;300
275;102;59
365;102;169
162;102;216
307;102;212
434;102;179
380;102;287
318;102;65
177;102;310
315;102;113
155;102;281
193;102;296
386;102;347
36;102;288
70;102;58
367;102;309
181;102;277
31;102;300
308;103;240
216;103;50
434;103;156
302;103;117
153;103;201
397;103;127
32;103;205
253;103;180
402;103;342
189;103;117
403;103;177
440;103;340
304;103;191
113;103;214
337;103;66
276;103;114
361;103;71
379;103;58
207;103;98
74;103;277
174;103;358
70;103;142
282;103;78
55;103;352
257;103;359
326;103;72
184;103;154
406;103;246
223;103;212
199;103;233
149;103;105
135;103;187
110;103;231
229;103;230
86;103;203
78;103;139
342;103;127
97;103;75
292;103;343
82;103;118
206;103;95
71;103;305
408;103;171
229;103;334
357;103;236
224;103;294
234;103;179
374;104;254
346;104;93
261;104;212
270;104;302
91;104;72
124;104;333
191;104;136
402;104;271
74;104;357
9;104;155
397;104;93
134;104;56
309;104;300
255;104;288
302;104;234
312;104;57
244;104;232
367;104;325
341;104;299
138;104;166
38;104;225
408;104;66
135;104;254
109;104;285
241;104;236
3;104;293
419;104;82
32;104;229
171;104;327
319;104;241
412;104;263
129;104;365
182;104;344
323;104;161
91;104;346
17;104;107
320;104;206
32;104;63
435;104;205
431;104;56
79;104;196
199;104;363
347;104;202
436;104;53
289;104;359
314;104;257
34;105;217
174;105;181
66;105;277
383;105;342
79;105;273
181;105;288
246;105;63
378;105;57
71;105;113
158;105;215
29;105;194
156;105;101
343;105;352
35;105;103
378;105;200
375;105;320
286;105;267
281;105;262
99;105;328
33;105;334
249;105;311
96;105;169
384;105;229
385;105;139
96;105;312
349;105;61
201;105;122
174;105;242
301;105;281
299;106;231
363;106;257
242;106;185
159;106;75
219;106;55
259;106;67
114;106;186
288;106;231
38;106;154
364;106;245
272;106;118
78;106;234
347;106;323
433;106;227
244;107;172
173;107;84
87;107;86
423;107;318
278;107;149
358;107;278
337;107;356
255;107;224
295;107;85
424;107;136
156;107;252
253;107;239
266;107;327
241;107;72
120;107;344
420;107;131
171;107;315
247;107;338
310;107;122
265;107;184
141;107;269
55;107;351
153;108;283
361;108;79
158;108;189
293;108;305
192;108;189
195;108;248
428;108;243
133;108;110
292;108;182
182;108;106
38;108;83
177;108;255
295;108;101
56;108;231
216;108;349
210;108;86
98;108;193
136;108;293
336;108;221
416;108;209
202;108;280
420;108;153
331;108;121
278;108;104
41;108;223
396;108;249
280;108;290
228;108;97
20;108;206
203;108;179
152;108;338
408;108;50
22;108;192
77;108;352
58;108;212
365;108;274
265;108;306
210;108;219
361;108;100
14;108;164
152;108;129
155;108;155
416;108;353
327;108;174
348;108;358
388;108;340
123;108;147
33;108;344
132;108;229
33;109;83
344;109;304
243;109;221
209;109;277
222;109;273
100;109;305
159;109;220
132;109;175
158;109;221
197;109;254
188;109;268
417;109;286
77;109;153
404;109;348
407;109;74
379;109;246
393;109;306
352;109;322
69;109;231
209;109;213
183;109;349
94;109;245
21;109;210
98;109;65
253;110;166
95;110;130
101;110;104
25;110;95
213;110;208
253;110;55
327;110;179
328;110;184
69;110;219
274;110;101
229;110;192
324;110;154
297;110;274
42;110;117
209;110;239
173;110;166
195;110;351
213;110;252
291;111;151
86;111;71
404;111;194
222;111;52
376;111;275
170;111;190
339;111;86
343;111;312
415;111;160
359;111;133
141;111;237
198;111;173
290;111;361
133;111;247
177;111;230
87;111;154
216;111;254
268;111;111
41;111;320
233;111;253
241;111;104
303;112;276
424;112;328
22;112;96
417;112;301
410;112;86
379;112;78
149;112;224
151;112;254
244;112;341
34;112;243
237;112;132
385;112;226
221;112;126
216;112;138
144;112;215
145;112;288
405;112;295
135;112;89
335;112;248
265;112;93
180;112;356
90;112;238
422;112;211
38;112;118
182;112;266
397;112;269
338;112;264
76;112;188
39;112;56
283;112;112
242;112;323
356;112;82
236;112;112
19;112;207
216;112;190
390;112;216
283;112;293
274;112;158
107;112;344
193;112;226
422;112;156
225;112;302
142;112;63
105;112;313
145;112;353
300;112;244
23;112;136
94;113;233
54;113;358
128;113;273
349;113;256
29;113;246
110;113;285
19;113;253
159;113;159
109;113;225
186;113;286
250;113;135
374;113;334
52;113;254
144;113;73
23;113;347
151;114;336
230;114;297
200;114;112
110;114;355
347;114;274
288;114;106
329;114;230
384;114;249
92;114;314
29;114;103
248;114;110
267;114;63
23;114;332
318;114;274
157;114;53
128;115;189
345;115;350
130;115;92
184;115;180
429;115;308
335;115;104
148;115;233
19;115;117
412;115;197
13;115;62
199;115;158
113;115;187
76;115;299
309;115;172
144;115;159
373;115;122
162;115;125
428;115;244
174;115;262
340;115;345
273;115;74
162;115;313
426;115;320
439;115;186
183;115;191
439;115;90
272;115;266
14;115;193
292;115;168
363;115;200
268;115;140
228;115;289
110;115;148
297;115;328
153;115;281
349;115;98
42;115;72
265;115;101
171;115;123
409;115;293
30;115;292
424;115;186
122;115;158
112;115;85
308;115;78
123;115;103
66;115;275
340;115;55
358;116;157
319;116;273
376;116;307
81;116;77
209;116;226
317;116;351
200;116;70
82;116;334
211;116;348
34;116;270
35;116;99
253;116;115
21;116;265
119;116;258
133;116;281
194;116;94
334;116;91
81;116;207
291;116;227
432;116;119
186;116;269
414;116;128
291;116;350
99;116;315
162;116;211
111;116;236
272;116;339
139;116;174
410;116;54
286;116;211
363;116;265
239;116;65
348;116;105
145;116;173
371;116;340
32;116;320
36;116;272
381;116;234
235;117;114
345;117;336
348;117;82
401;117;336
296;117;352
363;117;161
283;117;298
376;117;168
104;117;282
226;117;155
96;117;316
91;117;144
219;117;119
4;117;100
327;117;140
162;118;272
172;118;168
318;118;354
354;118;164
218;118;150
247;118;298
294;118;171
223;118;76
94;118;227
429;118;86
154;118;69
75;118;219
364;118;278
64;118;140
350;118;104
61;118;350
301;118;365
90;118;221
89;118;55
254;118;347
28;118;306
153;118;315
192;118;62
19;118;125
91;118;295
349;118;177
379;118;215
301;118;215
63;118;139
344;118;189
301;118;100
34;118;205
407;118;126
408;118;300
330;118;247
139;118;277
363;118;155
291;118;75
105;118;361
261;118;244
380;118;184
108;118;288
351;119;279
387;119;147
79;119;136
214;119;321
331;119;283
32;119;138
376;119;297
47;119;215
424;119;182
234;119;257
279;119;71
272;119;328
113;119;295
426;119;116
173;119;236
135;119;59
10;119;167
167;119;302
313;119;216
132;119;174
380;119;194
363;119;212
189;119;106
417;119;148
124;119;234
354;119;127
130;119;119
87;119;132
295;119;186
32;119;254
356;119;322
381;119;211
217;119;260
316;119;66
74;119;259
114;120;169
323;120;95
202;120;324
24;120;199
422;120;175
35;120;165
389;120;194
15;120;90
438;120;232
96;120;272
409;120;256
355;120;50
349;120;147
217;120;59
108;120;61
306;120;321
321;120;255
167;120;84
440;120;173
195;120;105
418;120;97
162;120;167
228;120;184
75;120;170
48;120;354
63;120;108
151;120;354
359;120;86
203;121;287
158;121;270
233;121;139
253;121;110
401;121;354
121;121;165
416;121;117
427;121;81
282;121;295
266;121;190
400;121;258
89;121;330
59;121;316
295;121;117
383;121;304
109;121;136
395;121;274
169;121;304
389;121;73
265;121;258
299;121;75
438;121;347
138;121;267
432;121;322
145;122;160
215;122;199
118;122;171
225;122;236
201;122;269
153;122;123
256;122;216
52;122;236
404;122;113
12;122;137
107;122;360
438;122;321
70;122;140
176;122;107
288;122;187
49;122;222
117;122;188
111;122;70
181;122;150
67;122;178
318;122;240
299;122;288
90;122;249
48;122;319
254;122;317
129;122;300
108;122;66
291;122;319
220;122;112
13;122;231
169;122;127
197;122;96
104;122;97
261;122;169
217;122;66
124;122;219
83;122;213
33;122;124
89;122;127
16;122;114
221;122;294
4;122;115
388;122;69
214;122;169
32;122;140
98;122;132
30;122;156
160;123;88
14;123;123
56;123;175
76;123;223
380;123;295
23;123;67
36;123;98
298;123;308
242;123;255
25;123;116
202;123;238
361;123;101
402;123;65
317;123;250
164;123;305
76;123;192
160;123;335
226;123;303
175;123;240
120;123;263
36;123;341
103;123;140
313;123;280
23;123;122
16;123;126
389;123;200
159;123;359
64;123;101
60;123;347
169;123;352
336;123;285
378;123;82
18;123;276
185;123;324
133;123;311
59;123;115
26;123;325
213;123;342
298;123;354
287;123;242
38;123;209
249;123;324
270;123;242
191;123;167
53;124;167
125;124;240
156;124;92
120;124;104
347;124;96
434;124;106
284;124;55
228;124;89
109;124;94
78;124;225
352;124;68
7;124;86
359;124;357
164;124;189
366;124;298
148;124;71
78;124;252
290;124;281
338;124;261
219;124;57
53;124;362
47;125;129
140;125;107
333;125;177
340;125;81
333;125;229
347;125;345
318;125;209
155;125;227
149;125;332
161;125;238
59;125;78
167;125;267
145;125;221
115;125;365
248;125;207
193;125;260
108;125;356
244;125;336
330;125;177
359;125;136
440;125;94
132;125;347
209;125;99
4;126;232
128;126;150
179;126;250
338;126;349
121;126;142
421;126;218
73;126;147
336;126;85
216;126;334
245;126;68
158;126;78
344;126;213
79;126;260
275;126;180
407;126;357
79;126;322
58;126;216
424;126;341
316;126;164
363;126;241
91;126;222
3;126;359
135;126;81
253;126;96
373;126;355
368;126;251
402;126;226
301;126;307
5;126;115
30;126;274
307;126;211
316;126;350
100;126;94
409;126;351
71;126;270
109;126;197
407;126;301
195;126;163
325;126;333
301;126;185
193;127;128
433;127;191
294;127;113
95;127;138
221;127;75
427;127;237
265;127;75
391;127;135
176;127;330
59;127;342
34;127;143
100;127;63
97;127;212
64;127;251
181;127;352
231;127;149
242;127;204
325;127;195
383;127;207
334;127;199
377;127;131
290;127;126
312;127;328
406;127;286
239;127;109
313;127;227
44;127;113
390;127;334
150;127;289
136;127;257
148;127;361
334;127;167
266;127;220
177;127;248
262;127;184
118;127;81
354;127;144
281;127;307
225;127;106
10;127;182
182;127;229
126;127;188
201;127;92
320;127;269
58;127;200
182;127;271
391;127;97
83;127;307
38;128;235
403;128;180
189;128;119
34;128;59
247;128;120
82;128;264
422;128;295
379;128;97
75;128;65
191;128;271
79;128;150
27;128;352
396;128;265
393;129;353
230;129;239
353;129;206
125;129;52
91;129;139
62;129;168
160;129;79
381;129;348
14;129;359
425;129;327
283;129;204
147;129;332
360;129;274
347;129;187
140;129;199
387;129;325
168;129;279
275;129;210
390;129;292
438;129;133
226;129;58
382;129;162
44;129;148
90;129;306
68;129;359
27;129;181
395;129;244
193;129;136
381;129;207
387;129;51
283;129;273
146;129;142
23;129;256
313;129;328
388;129;192
425;129;321
159;129;190
75;129;217
374;130;82
332;130;83
2;130;241
275;130;127
283;130;135
271;130;215
358;130;113
407;130;150
278;130;157
242;130;234
333;130;138
376;130;204
400;130;228
1;130;62
64;130;159
260;130;219
10;130;250
180;130;260
117;130;323
57;130;97
373;130;262
302;130;261
54;130;183
343;130;335
406;130;190
205;130;95
337;130;181
46;130;338
78;130;189
20;130;347
357;130;346
68;130;108
326;130;288
380;130;324
351;130;91
40;130;235
171;130;237
134;130;165
381;130;106
39;130;94
78;130;200
15;130;157
4;130;164
301;130;147
179;130;208
102;130;312
327;130;111
123;131;288
77;131;81
190;131;179
378;131;327
321;131;134
200;131;267
185;131;221
138;131;257
40;131;164
404;131;273
112;132;324
139;132;325
177;132;261
166;132;129
259;132;328
252;132;275
338;132;169
250;132;62
163;132;337
205;132;300
385;132;103
183;132;155
95;132;228
285;132;71
128;132;238
271;132;196
73;132;104
303;132;182
133;132;131
366;132;275
160;132;222
93;132;236
45;132;182
238;132;331
216;132;112
208;132;143
156;132;75
342;132;249
149;132;207
38;132;135
8;132;196
232;132;182
21;132;100
338;132;183
402;132;275
237;132;302
245;132;308
419;132;362
417;132;241
14;132;129
210;132;260
198;132;196
119;132;50
70;132;201
78;132;64
92;132;126
48;132;111
207;132;129
5;132;231
67;133;247
269;133;109
341;133;274
141;133;311
254;133;129
221;133;198
378;133;362
325;133;298
280;133;131
377;133;294
404;133;270
124;133;321
393;133;128
5;133;167
359;133;107
101;133;316
95;133;57
28;133;271
19;133;84
44;133;350
138;133;336
182;133;307
23;133;206
334;134;343
110;134;259
294;134;110
361;134;217
73;134;312
140;134;333
194;134;103
360;134;85
277;134;308
113;134;255
404;134;359
386;135;214
384;135;68
403;135;178
414;135;203
419;135;130
438;135;110
149;135;68
382;135;314
289;135;333
322;135;240
299;135;352
66;135;313
3;135;180
171;135;118
217;135;220
53;135;91
384;135;162
255;135;79
106;135;76
182;135;116
130;135;96
132;135;365
170;135;126
184;135;355
330;135;139
248;135;52
75;135;324
91;135;345
338;135;341
155;135;332
359;135;191
266;135;99
211;135;100
290;135;76
268;135;192
332;135;154
4;135;153
413;136;126
304;136;314
423;136;282
408;136;231
1;136;197
298;136;336
156;136;184
399;136;335
370;136;167
49;136;339
321;136;205
354;136;173
414;136;272
134;136;290
277;136;190
416;136;242
401;136;258
86;136;283
255;136;94
230;136;355
439;136;139
427;136;74
42;136;184
246;136;312
369;136;79
215;136;114
224;136;270
335;136;210
429;136;336
371;136;173
320;136;238
190;136;340
392;136;359
84;136;280
134;136;330
165;136;159
151;136;62
245;136;244
403;136;91
103;136;117
190;136;247
75;136;193
147;136;161
309;136;128
259;136;278
262;137;62
115;137;134
55;137;151
432;137;345
123;137;138
76;137;345
180;137;150
12;137;72
17;137;89
331;137;75
99;137;166
337;137;242
287;138;358
197;138;329
349;138;267
43;138;330
335;138;257
263;138;64
121;138;262
199;138;175
294;138;321
342;138;62
183;138;267
109;138;78
94;138;295
217;138;313
192;138;173
40;138;182
5;138;69
127;138;137
221;138;65
210;138;224
58;138;168
179;138;174
259;138;103
56;138;53
276;138;149
247;138;129
67;138;175
379;138;206
117;138;71
99;138;179
288;138;51
29;138;247
256;138;341
143;138;213
16;138;74
31;138;230
429;138;195
367;138;101
143;138;260
93;138;98
251;138;194
359;138;340
260;138;125
309;138;291
172;138;97
302;138;130
220;138;57
131;138;329
256;139;148
227;139;87
153;139;260
230;139;109
124;139;123
228;139;69
31;139;292
5;139;106
308;139;144
279;139;196
49;139;263
343;139;143
132;139;270
189;139;250
118;139;351
142;139;150
234;139;365
397;139;214
298;139;168
309;139;210
289;139;348
369;139;75
126;139;83
307;139;277
427;139;201
206;140;58
48;140;253
177;140;252
149;140;56
147;140;54
122;140;279
62;140;293
243;140;104
158;140;77
403;140;284
374;140;257
9;140;226
429;140;129
237;140;259
440;140;80
265;140;348
108;140;132
386;140;326
285;140;299
136;140;248
269;140;106
303;141;296
145;141;119
104;141;261
128;141;204
396;141;322
78;141;56
134;141;361
424;141;235
4;141;130
161;141;194
434;141;320
203;141;63
379;141;139
153;141;278
224;141;170
314;141;239
160;141;101
75;141;179
247;141;58
136;141;133
146;141;354
9;142;292
404;142;250
319;142;197
269;142;205
148;142;82
156;142;123
126;142;72
225;142;202
73;142;114
340;142;210
297;142;136
183;142;256
48;142;196
219;142;89
130;142;118
191;142;295
120;142;263
371;142;178
402;142;174
372;142;86
174;142;123
176;142;187
249;142;356
28;142;234
333;142;326
92;143;177
365;143;94
280;143;208
114;143;65
79;143;182
200;143;278
97;143;262
321;143;117
293;143;215
353;143;222
297;143;271
403;143;58
69;143;124
121;143;199
79;143;270
247;143;360
193;143;239
257;143;203
344;143;108
150;143;240
5;143;100
246;143;353
355;143;147
12;143;99
130;143;54
297;143;121
147;143;60
114;143;219
380;143;61
360;144;97
139;144;248
375;144;104
373;144;283
54;144;100
240;144;252
293;144;98
5;144;116
294;144;122
98;144;142
287;144;173
218;144;335
272;144;72
438;144;321
367;144;64
388;144;179
327;144;205
61;144;225
86;144;292
173;144;264
381;144;64
438;145;245
268;145;158
239;145;309
215;145;350
137;145;229
196;145;356
223;145;317
279;145;62
2;145;303
265;145;270
268;145;197
49;145;255
396;145;213
150;145;88
71;145;222
59;145;153
197;145;196
279;145;243
156;145;82
55;145;314
305;145;291
298;145;238
392;145;313
271;145;337
145;145;218
266;145;277
184;145;194
106;145;240
159;145;253
312;145;246
279;145;162
22;145;265
241;145;293
271;145;296
99;145;160
233;145;258
61;145;81
319;145;206
365;145;83
424;145;117
282;145;321
359;145;170
246;145;271
230;146;257
306;146;321
54;146;217
307;146;248
209;146;117
381;146;308
220;146;112
180;146;66
405;146;358
428;146;314
199;146;305
162;146;345
9;146;72
199;146;63
247;146;179
201;146;159
97;146;133
181;146;225
311;146;211
251;146;247
3;146;304
411;146;66
124;146;67
334;146;127
329;146;211
109;146;278
134;146;104
354;146;269
411;146;165
364;146;143
200;146;338
374;146;190
440;146;228
325;146;232
66;146;71
234;146;128
67;146;358
403;146;262
45;146;248
112;146;246
24;147;289
273;147;269
20;147;212
245;147;313
18;147;207
20;147;242
362;147;74
426;147;67
98;147;271
67;147;259
209;147;281
405;147;135
179;147;76
160;147;130
200;147;213
75;147;65
356;147;326
205;147;86
265;147;192
417;147;247
224;147;284
144;147;91
288;147;309
128;147;302
116;147;225
55;147;310
269;147;273
85;147;275
160;148;214
404;148;251
107;148;105
116;148;254
184;148;262
46;148;268
408;148;116
19;148;351
21;148;228
98;148;224
63;148;78
49;148;287
362;148;124
215;148;146
9;148;293
237;148;240
385;148;120
190;148;359
227;148;179
36;148;85
214;148;258
183;148;190
208;148;81
49;148;94
243;148;239
421;148;229
177;149;61
280;149;71
238;149;97
283;149;139
212;149;220
377;149;341
184;149;190
316;149;263
405;149;271
6;149;277
415;149;279
329;149;120
62;149;212
135;149;184
309;149;291
16;150;283
211;150;266
318;150;253
320;150;272
216;150;221
134;150;179
284;150;94
252;150;61
11;150;131
182;150;337
131;150;125
212;150;116
17;150;74
17;150;105
94;150;66
78;150;262
369;150;278
306;150;281
321;150;189
431;150;118
382;150;88
127;150;167
208;150;244
186;150;289
336;150;81
160;150;263
250;150;244
179;150;293
319;150;156
131;150;193
237;150;330
361;150;313
341;150;232
360;150;316
24;150;123
68;150;265
440;150;88
340;150;293
79;150;245
310;150;339
72;150;272
197;151;92
245;151;77
133;151;185
164;151;186
194;151;128
267;151;182
388;151;341
1;151;248
58;151;275
41;151;162
44;151;271
395;151;273
293;151;303
182;151;118
69;151;97
13;151;125
150;151;355
133;151;109
6;151;196
57;151;290
353;151;76
379;151;136
192;151;243
17;151;74
295;151;317
383;151;355
184;151;305
251;151;74
352;151;345
158;151;332
208;151;235
137;151;77
294;151;153
26;151;310
46;151;360
40;151;90
350;151;188
373;151;266
225;151;82
401;151;120
37;151;275
406;152;233
179;152;166
169;152;198
325;152;162
303;152;334
108;152;359
403;152;100
181;152;125
247;152;322
68;152;226
180;152;202
130;153;66
432;153;113
172;153;132
115;153;84
306;153;212
413;153;215
135;153;216
246;153;246
244;153;117
98;153;323
199;153;364
34;153;229
300;153;331
438;153;58
402;153;343
356;153;244
411;153;355
205;153;171
325;153;241
77;154;195
293;154;88
52;154;103
30;154;69
257;154;59
397;154;169
243;154;364
249;154;147
127;154;170
73;154;137
207;154;91
347;154;353
209;154;173
398;154;294
18;154;252
24;154;245
383;154;190
75;154;310
127;154;281
420;154;215
306;154;267
127;154;119
87;154;114
300;154;321
314;155;173
425;155;160
121;155;80
128;155;192
42;155;84
331;155;123
314;155;361
173;155;298
2;155;164
339;155;212
104;155;158
352;155;172
13;155;255
342;155;196
124;155;361
68;155;177
164;155;211
223;155;50
393;155;228
288;155;340
33;155;352
193;155;104
67;155;188
422;155;267
418;155;62
186;155;97
334;155;63
135;155;167
343;155;175
8;155;285
203;155;54
245;155;142
424;155;50
412;155;173
384;155;296
237;155;113
40;155;270
66;155;61
377;155;251
13;155;307
110;156;240
261;156;167
68;156;265
164;156;244
308;156;287
164;156;92
102;156;151
314;156;110
398;156;178
340;156;50
52;156;330
79;156;88
103;156;266
310;156;78
412;156;173
77;156;258
202;156;117
292;156;64
160;156;294
227;156;223
131;156;313
133;156;315
81;156;243
153;156;352
111;156;217
43;156;75
153;157;322
56;157;317
63;157;101
92;157;356
262;157;334
93;157;346
394;157;120
11;157;211
401;157;165
312;157;253
16;157;122
47;157;168
6;157;51
255;157;225
331;157;90
299;158;348
212;158;59
267;158;337
290;158;117
99;158;111
407;158;284
281;158;86
135;158;110
6;158;214
111;158;155
378;158;204
16;158;157
255;158;333
178;158;327
411;158;310
71;159;188
430;159;75
21;159;105
431;159;97
209;159;157
336;159;220
38;159;137
202;159;93
74;159;286
81;159;83
117;159;211
326;159;62
373;159;298
62;160;301
253;160;131
295;160;119
42;160;57
38;160;308
265;160;290
290;160;75
201;160;311
27;160;87
165;160;165
32;160;198
107;160;181
20;160;210
57;160;77
297;160;231
103;160;226
340;160;106
175;160;217
16;161;262
322;161;218
305;161;146
123;161;97
75;161;111
87;161;185
376;161;80
145;161;361
402;161;255
357;161;353
242;161;72
374;161;119
181;161;336
405;161;188
212;161;133
309;161;358
285;162;177
121;162;117
240;162;222
25;162;127
296;162;214
257;162;326
315;162;305
332;162;165
430;162;209
66;162;239
53;162;58
151;162;183
418;162;315
392;162;135
358;162;54
277;162;354
67;162;285
124;162;106
348;162;363
282;162;224
430;162;92
412;162;269
381;162;335
201;162;322
226;162;282
36;162;66
377;162;123
363;162;340
49;162;112
364;162;355
434;162;193
90;162;176
416;162;150
380;162;137
336;162;118
269;162;324
230;162;212
289;162;315
106;162;126
170;163;146
11;163;147
324;163;361
393;163;345
405;163;306
142;163;259
165;163;328
418;163;326
34;163;195
425;163;230
178;163;283
53;163;70
241;163;333
180;163;299
124;163;99
177;163;137
107;163;175
262;163;314
24;163;101
258;163;55
357;163;59
128;163;303
437;164;235
362;164;176
148;164;279
344;164;179
56;164;146
109;164;89
256;164;93
121;164;265
430;164;116
258;164;335
352;164;179
45;164;74
346;164;292
201;164;207
149;164;75
128;164;326
330;164;175
324;164;80
212;164;218
373;164;162
275;164;308
316;164;117
75;164;359
130;164;128
407;164;311
267;164;287
359;164;198
33;164;197
91;164;91
233;164;159
174;164;103
215;164;303
161;164;107
337;164;197
338;164;203
413;164;287
394;164;66
357;164;168
275;164;181
151;164;78
340;164;271
175;164;91
71;164;120
175;165;217
352;165;295
307;165;148
68;165;131
360;165;107
158;165;91
83;165;155
208;165;204
195;165;115
343;165;265
166;165;346
134;165;319
167;165;292
400;165;255
420;165;364
317;165;213
140;165;316
318;165;95
298;165;235
355;165;58
2;165;336
242;165;289
227;165;119
402;165;302
433;165;290
75;165;62
428;165;272
103;165;203
163;165;259
358;165;287
195;165;138
205;165;299
17;165;346
303;165;348
90;165;97
75;166;176
180;166;147
313;166;105
103;166;197
401;166;333
193;166;322
142;166;332
13;166;296
202;166;102
78;166;333
192;166;187
167;166;72
277;166;256
260;166;107
170;166;87
425;166;117
61;166;346
305;166;319
123;166;90
311;166;89
305;166;186
38;166;284
102;166;234
230;166;350
422;166;334
372;166;171
418;166;250
169;166;231
422;166;155
234;166;311
199;166;78
158;166;240
161;166;343
188;166;315
329;166;170
76;166;273
58;166;300
349;166;344
106;166;93
57;166;159
5;166;126
269;167;91
276;167;356
70;167;265
354;167;107
331;167;142
104;167;198
90;167;217
73;167;320
107;167;175
424;167;159
120;167;85
292;167;126
61;167;138
182;167;96
336;167;239
299;167;113
374;167;328
245;167;73
170;167;244
200;167;355
391;167;364
381;167;289
128;167;194
264;167;155
288;167;50
274;167;113
371;167;317
398;167;50
348;167;215
384;167;302
321;167;257
344;167;269
381;167;226
187;167;204
12;167;99
253;167;115
288;167;249
331;168;205
431;168;321
12;168;166
432;168;299
288;168;208
324;168;69
430;168;193
105;168;177
403;168;200
11;168;210
373;168;226
314;168;341
28;168;100
327;168;140
439;168;210
267;168;330
438;168;285
56;168;78
149;168;241
93;168;261
376;168;96
421;168;293
163;168;292
353;168;148
411;168;221
212;168;126
287;168;201
67;168;343
382;168;137
374;168;134
194;168;164
415;168;191
152;168;155
167;168;236
364;168;331
216;168;334
184;168;338
58;168;339
283;168;365
100;168;182
249;168;279
205;168;332
376;168;167
277;168;64
147;168;130
18;168;166
48;168;141
383;168;182
423;168;279
241;168;102
329;169;181
221;169;305
183;169;234
336;169;94
38;169;193
118;169;113
62;169;295
190;169;99
171;169;287
242;169;172
7;169;224
258;169;300
338;169;117
15;169;114
215;169;63
207;169;235
277;169;55
173;169;313
348;169;223
149;169;323
234;169;363
34;169;157
33;169;334
99;169;318
314;169;332
116;169;312
110;169;262
50;169;310
253;169;315
88;169;58
51;169;294
413;169;268
110;169;265
358;169;88
281;169;233
141;169;248
63;169;329
54;169;264
371;169;170
410;169;152
285;169;126
352;170;153
125;170;102
185;170;350
201;170;110
141;170;280
215;170;342
390;170;363
60;170;325
12;170;101
94;170;142
233;170;52
182;170;161
426;170;87
430;170;244
56;170;352
240;170;117
435;170;73
315;170;131
212;170;163
186;170;133
46;170;300
116;170;126
141;170;51
102;170;73
103;170;204
329;170;353
403;170;321
139;170;288
257;170;123
65;170;158
159;170;321
21;171;173
36;171;211
215;171;280
141;171;356
352;171;320
137;171;253
286;171;184
112;171;338
239;171;89
402;171;257
48;171;199
207;171;144
276;172;326
325;172;57
414;172;354
172;172;61
15;172;283
73;172;268
26;172;109
419;172;193
221;172;207
121;172;255
394;172;129
124;172;123
136;172;314
194;172;87
379;172;324
350;172;273
9;172;258
151;172;234
101;172;309
111;172;140
223;172;221
383;172;196
288;172;305
173;172;89
254;172;223
343;172;93
80;172;362
296;172;80
107;172;251
415;172;85
261;172;277
435;172;147
21;172;114
306;172;354
145;172;272
271;172;264
362;172;308
206;172;208
243;172;336
290;172;129
71;172;336
429;172;254
114;172;211
303;172;74
139;172;246
245;172;331
370;172;155
384;172;293
13;173;138
323;173;305
285;173;206
171;173;261
158;173;79
51;173;89
217;173;152
254;173;125
59;173;230
267;173;255
132;173;220
23;173;359
157;173;346
257;173;288
222;173;292
397;173;80
259;173;203
409;173;307
341;173;95
222;173;199
434;173;292
271;173;103
242;173;306
178;173;179
366;173;335
270;174;150
403;174;131
312;174;208
358;174;345
229;174;238
412;174;359
408;174;178
65;174;197
238;174;147
289;174;299
260;174;325
348;174;271
201;174;254
245;174;253
139;174;245
176;174;234
93;174;70
353;174;167
178;175;123
363;175;341
408;175;289
250;175;77
88;175;188
364;175;331
38;175;53
419;175;187
80;175;118
180;175;216
112;175;327
183;175;153
73;175;350
293;175;132
301;176;315
235;176;50
46;176;302
122;176;207
411;176;152
341;176;196
75;176;194
375;176;177
433;176;109
253;176;119
33;176;169
362;176;101
240;176;141
178;176;195
424;176;224
155;176;54
72;176;363
235;176;128
192;176;169
417;176;59
178;176;87
115;176;298
324;176;298
377;176;147
57;176;286
377;176;211
122;176;342
91;176;54
121;176;72
381;176;171
416;176;223
425;177;314
117;177;266
398;177;305
362;177;84
386;177;203
361;177;178
348;177;285
405;177;124
418;177;68
14;177;64
338;177;338
183;177;129
225;177;311
391;177;50
324;177;218
137;177;117
317;177;76
28;177;216
385;177;330
346;177;202
256;177;334
439;177;151
157;177;252
107;177;235
390;177;105
293;177;102
366;177;184
411;177;130
58;177;364
297;178;358
117;178;95
241;178;87
86;178;170
218;178;228
322;178;203
428;178;82
180;178;161
267;178;119
51;178;187
206;178;100
101;178;82
67;178;265
47;178;121
390;178;207
69;178;211
37;178;311
399;178;57
121;178;104
393;178;260
306;178;89
186;178;259
288;178;267
143;178;56
306;179;345
399;179;154
433;179;161
439;179;146
381;179;203
343;179;118
99;179;75
70;179;306
261;179;125
319;179;120
102;179;212
219;179;242
321;179;325
263;180;358
22;180;251
165;180;177
375;180;197
162;180;353
73;180;145
57;180;228
428;180;238
110;180;245
92;180;344
15;180;239
13;180;150
298;180;122
373;180;162
54;180;149
251;180;291
96;180;88
420;180;223
181;180;75
206;180;75
70;180;356
99;180;57
6;180;77
352;180;270
225;181;183
92;181;363
183;181;252
422;181;311
274;181;246
10;181;240
108;181;206
403;181;195
154;181;112
392;181;291
419;181;86
73;181;228
359;181;251
106;181;162
252;181;66
375;181;214
307;181;344
395;181;132
38;181;186
174;181;81
245;181;172
344;181;194
191;181;231
101;181;115
214;181;255
254;181;310
408;181;117
319;181;148
119;181;180
12;181;218
149;181;243
340;181;213
408;181;68
415;181;105
102;181;255
350;181;307
4;181;255
142;181;267
406;181;95
274;181;338
252;181;174
440;181;303
115;181;320
2;182;340
91;182;137
288;182;365
112;182;127
331;182;247
233;182;323
250;182;126
91;182;110
145;182;179
317;182;341
92;182;86
224;182;362
61;182;272
39;182;108
286;182;283
325;182;94
102;182;237
414;182;187
430;182;290
343;182;53
295;182;92
422;182;116
56;182;359
350;182;311
337;182;268
139;182;321
305;182;223
100;182;323
323;182;95
205;182;143
157;182;237
112;182;274
108;182;317
115;182;57
286;182;171
372;182;177
212;182;241
112;182;205
164;182;80
107;182;142
308;182;159
250;182;285
314;182;109
26;182;170
2;182;191
425;183;327
20;183;266
304;183;318
336;183;279
150;183;208
12;183;298
167;183;214
120;183;283
146;183;59
272;183;216
370;183;222
130;183;136
333;183;188
422;183;114
10;183;83
140;183;329
129;183;115
412;183;162
70;183;272
349;183;275
26;183;346
63;183;93
313;183;263
92;184;351
187;184;81
430;184;167
130;184;147
386;184;320
188;184;277
80;184;172
340;184;268
110;184;156
417;184;292
374;184;89
386;184;249
245;184;301
75;184;303
232;184;157
35;184;299
281;184;113
270;184;61
306;184;290
431;184;343
182;184;126
39;184;171
222;184;254
424;184;185
233;184;186
3;184;346
216;184;61
405;184;58
200;184;338
236;184;125
305;184;114
407;184;157
364;184;220
167;184;176
386;184;326
295;184;167
440;184;86
308;184;141
99;184;355
53;184;349
246;184;223
211;184;98
184;184;242
413;184;306
252;184;339
288;184;286
101;185;77
382;185;198
335;185;337
142;185;237
357;185;83
280;185;232
155;185;84
176;185;138
415;185;201
375;185;269
324;185;352
272;185;164
37;185;311
338;185;256
345;185;56
384;185;311
361;185;119
104;185;110
110;185;79
357;185;150
238;185;332
405;185;241
135;185;146
326;186;352
302;186;358
101;186;327
20;186;193
347;186;131
394;186;102
68;186;133
158;186;134
379;186;250
351;186;183
296;186;97
162;186;117
118;186;190
354;186;359
147;186;327
183;186;216
171;186;305
181;186;351
321;186;357
418;186;322
123;186;262
437;186;359
429;186;326
235;186;270
6;186;299
215;186;98
379;186;126
437;186;305
199;186;268
139;186;246
217;186;121
330;186;161
357;186;137
404;187;266
134;187;298
202;187;168
306;187;320
109;187;140
339;187;153
314;187;313
298;187;329
369;187;85
206;187;325
129;187;203
9;187;104
405;187;171
114;187;151
230;187;313
309;188;71
372;188;226
143;188;194
5;188;239
143;188;272
306;188;312
342;188;283
312;188;338
248;188;120
343;188;309
357;188;238
137;188;208
191;188;121
334;188;163
125;188;304
145;188;168
292;188;53
323;188;249
184;188;129
244;188;164
289;188;83
145;188;152
376;188;158
229;188;186
98;188;248
270;188;169
282;188;293
95;188;348
257;188;122
232;188;120
176;188;358
335;188;248
121;188;222
336;188;109
208;188;195
290;188;92
348;188;107
304;188;264
294;188;205
22;188;184
330;189;284
320;189;204
66;189;363
427;189;113
188;189;344
286;189;269
245;189;111
28;189;196
323;189;267
430;189;354
75;189;232
284;189;220
211;189;255
219;190;188
6;190;336
351;190;102
242;190;147
98;190;92
333;190;245
390;190;252
226;190;271
400;190;309
14;190;318
210;190;75
271;190;286
294;190;260
147;190;116
345;190;289
371;190;232
148;190;326
181;190;251
85;190;330
50;190;231
192;190;114
331;190;143
431;190;227
30;190;216
439;190;94
272;190;183
53;190;179
118;190;121
13;190;204
68;190;184
412;190;188
69;190;310
217;190;203
246;190;118
332;190;101
153;190;219
333;190;294
122;190;158
205;190;355
190;190;362
299;191;91
251;191;238
24;191;100
37;191;294
279;191;305
268;191;97
372;191;89
347;191;121
348;191;211
392;191;332
158;191;264
267;191;100
313;191;85
181;191;197
244;191;94
65;191;255
32;191;357
315;191;181
255;191;92
94;191;306
245;191;360
127;191;323
420;191;140
225;191;82
436;191;359
41;191;213
118;191;338
119;191;322
141;191;200
92;191;114
430;191;308
356;191;173
1;191;305
21;191;287
273;191;264
74;191;322
350;191;265
366;191;187
102;191;196
130;191;347
28;191;245
261;191;168
215;191;94
10;191;295
352;191;244
383;191;60
311;192;263
340;192;60
56;192;297
128;192;163
349;192;60
251;192;103
123;192;309
7;192;291
336;192;137
26;192;152
176;192;346
35;192;145
418;192;219
98;192;353
149;192;73
226;192;305
44;192;70
98;192;87
438;192;153
32;192;134
184;192;207
417;192;319
363;192;284
263;192;227
179;192;184
31;192;365
50;192;361
28;192;230
51;192;144
203;192;221
25;192;332
181;193;280
391;193;146
14;193;309
242;193;334
252;193;242
149;193;221
394;193;197
213;193;180
144;193;106
422;193;336
122;193;290
345;193;329
423;193;183
427;193;58
225;193;351
177;193;128
340;193;241
45;193;362
262;193;165
334;193;360
36;193;340
264;193;76
320;193;314
158;193;187
417;193;229
100;193;71
362;193;205
182;193;252
52;193;119
2;193;309
158;193;121
28;193;171
101;193;255
111;193;301
14;194;165
63;194;230
404;194;277
120;194;85
193;194;355
431;194;174
28;194;142
272;194;191
50;194;322
257;194;314
377;194;114
64;194;362
240;194;188
92;194;177
32;194;58
221;194;148
183;194;338
212;194;204
116;194;185
276;194;78
371;194;195
171;194;133
296;194;257
400;194;227
184;194;71
440;194;259
264;194;117
280;194;265
371;194;207
151;194;90
304;194;332
355;194;218
187;194;145
11;194;169
34;194;121
436;194;144
35;194;198
423;194;182
19;194;206
270;194;236
371;194;222
252;195;223
246;195;98
333;195;335
197;195;281
264;195;254
323;195;69
138;195;238
298;195;81
50;195;300
250;195;257
391;195;330
114;195;61
189;195;221
433;195;292
436;195;96
325;195;341
138;195;108
233;195;123
198;195;326
98;195;217
88;195;123
222;195;348
337;195;156
98;195;114
395;195;252
381;195;201
91;195;185
54;195;116
428;195;314
18;195;137
237;195;155
334;195;218
257;195;118
306;195;304
281;195;138
344;195;100
154;195;313
193;195;276
353;195;160
301;195;105
354;195;134
290;196;57
16;196;98
49;196;79
437;196;217
350;196;237
334;196;84
74;196;147
111;196;328
213;196;170
259;196;98
72;196;66
125;196;231
19;196;339
144;196;312
114;196;362
175;196;153
68;196;275
23;196;277
72;196;334
167;196;207
104;196;94
290;196;125
182;197;95
302;197;316
331;197;172
184;197;115
189;197;319
283;197;180
396;197;53
25;197;69
352;197;94
235;197;68
276;197;136
393;197;244
156;197;110
136;197;109
247;197;88
234;197;216
136;197;211
145;197;189
149;197;328
153;197;73
351;197;343
283;197;262
349;197;124
318;197;292
396;197;158
188;197;364
331;197;213
186;197;111
259;197;75
396;197;116
176;197;50
249;197;158
41;197;144
224;197;205
222;197;193
258;197;77
387;197;274
155;197;287
142;197;200
262;197;186
407;197;268
109;198;309
119;198;293
328;198;195
133;198;181
380;198;151
85;198;197
56;198;323
158;198;101
397;198;325
91;198;304
412;198;114
7;198;89
225;198;217
59;198;218
207;198;156
273;198;345
278;198;323
81;198;342
309;198;169
382;198;199
164;198;252
47;198;172
243;198;185
25;198;172
27;198;66
26;198;161
97;198;163
2;198;106
278;198;216
56;198;218
358;198;195
254;198;128
94;198;202
260;198;157
120;198;340
97;198;250
284;198;60
253;198;96
419;198;294
287;198;238
31;198;176
147;198;215
162;198;354
284;199;258
24;199;198
131;199;340
377;199;268
136;199;284
69;199;312
18;199;212
105;199;63
45;199;221
148;199;320
304;199;97
298;199;313
17;199;252
162;199;160
19;199;235
359;199;75
106;199;124
26;199;136
105;199;325
51;200;294
171;200;136
115;200;266
38;200;94
19;200;252
141;200;307
331;200;241
35;200;174
278;200;207
83;200;283
76;200;365
337;200;236
305;200;72
275;200;312
339;200;75
208;200;183
62;200;130
243;201;132
226;201;310
110;201;97
327;201;166
405;201;219
3;201;334
351;201;293
128;201;140
193;201;74
57;201;160
396;201;51
259;201;234
154;201;361
151;201;207
106;202;297
159;202;75
373;202;299
282;202;283
229;202;130
23;202;217
310;202;244
84;202;110
374;202;119
311;202;95
163;202;153
302;202;311
234;202;250
201;202;194
321;202;303
321;202;363
386;202;238
309;202;216
218;202;113
188;202;227
119;202;126
173;202;237
300;202;314
436;202;74
138;202;217
16;202;97
306;202;84
314;202;209
403;202;294
69;202;190
378;202;104
302;202;111
88;202;346
328;202;290
372;202;228
146;202;313
242;202;337
302;202;70
304;202;93
301;202;59
185;202;229
96;202;290
405;202;298
266;202;227
355;202;128
200;202;221
379;202;299
137;202;86
237;202;153
376;203;146
112;203;127
221;203;139
319;203;357
123;203;150
114;203;130
16;203;59
89;203;189
4;203;126
23;203;225
382;203;78
324;203;154
70;203;118
16;203;195
429;203;84
71;203;233
60;203;314
406;203;260
136;203;249
305;203;187
89;203;93
50;203;186
294;203;161
130;204;336
342;204;361
185;204;259
129;204;311
160;204;251
232;204;86
284;204;323
77;204;252
415;204;236
100;204;318
214;204;145
61;204;313
78;204;253
37;204;345
39;204;98
392;204;89
399;204;172
53;204;131
67;204;218
388;204;233
60;204;111
191;204;354
221;204;100
80;204;273
146;204;335
125;204;80
404;204;55
69;205;309
206;205;180
141;205;70
5;205;93
260;205;173
62;205;70
202;205;100
423;205;97
430;205;303
160;205;90
81;205;145
40;205;349
244;205;71
402;205;133
61;205;275
153;205;352
167;205;279
214;205;352
270;205;191
67;205;172
82;205;201
346;205;77
407;205;274
357;205;243
120;205;161
330;206;318
145;206;243
272;206;75
202;206;89
157;206;89
248;206;288
134;206;142
407;206;62
91;206;333
193;206;329
9;206;304
23;206;55
287;206;88
312;206;345
35;206;248
325;206;81
147;206;69
255;206;172
205;206;320
63;206;269
186;206;89
278;206;284
215;206;111
301;206;357
213;206;118
229;206;301
344;206;143
409;207;147
11;207;296
100;207;173
211;207;165
92;207;115
340;207;263
176;207;79
7;207;291
124;207;110
243;207;300
184;207;240
405;207;311
71;207;134
371;207;354
253;207;138
438;207;106
144;207;65
217;207;275
98;207;207
38;207;317
387;207;336
266;207;82
65;208;316
296;208;69
173;208;355
80;208;347
296;208;114
29;208;64
337;208;62
268;208;140
304;208;342
3;208;51
168;208;71
427;208;347
360;208;101
279;208;129
66;208;57
33;208;191
120;209;269
416;209;124
351;209;144
206;209;279
117;209;330
83;209;259
440;209;184
166;209;224
272;209;182
400;209;159
89;209;328
312;209;108
162;209;99
269;209;160
62;209;127
146;210;246
87;210;51
86;210;354
133;210;215
248;210;278
87;210;263
211;210;328
202;210;274
177;210;319
206;210;215
302;210;288
372;210;130
373;210;255
71;210;239
210;210;311
50;210;285
278;210;119
122;210;191
236;210;51
114;210;120
409;210;190
129;210;358
267;210;83
164;210;202
143;210;236
283;210;238
375;210;271
151;210;288
439;210;271
388;210;186
181;210;87
52;210;351
196;210;141
259;211;65
320;211;78
284;211;183
1;211;73
326;211;155
410;211;364
293;211;329
233;211;257
230;211;357
257;211;261
254;211;76
248;211;187
154;211;179
412;211;305
321;211;310
140;211;110
50;211;365
341;211;351
111;211;191
272;211;178
332;211;210
246;211;227
389;211;67
109;211;228
203;211;69
166;211;55
103;211;113
301;211;313
69;211;259
113;211;287
355;211;88
93;212;122
133;212;52
88;212;212
48;212;115
411;212;205
7;212;345
101;212;271
238;212;129
252;212;93
339;212;300
291;212;147
437;212;128
357;212;85
380;212;112
198;212;196
210;212;286
239;212;128
349;212;155
33;212;142
420;212;273
21;212;172
411;212;51
29;213;232
347;213;65
263;213;186
236;213;245
3;213;231
379;213;334
70;213;186
381;213;321
309;213;328
43;213;97
381;213;109
53;213;278
14;213;325
195;213;74
257;213;269
144;213;282
95;213;100
412;213;151
150;213;340
202;213;303
264;213;78
407;213;155
63;213;311
241;213;252
318;213;71
143;213;358
303;213;185
128;213;177
243;213;353
8;213;107
303;213;354
72;213;234
278;213;58
94;213;165
226;213;223
299;213;173
275;214;335
279;214;317
10;214;309
352;214;210
433;214;253
298;214;123
56;214;145
13;214;173
46;214;92
342;214;350
415;215;318
142;215;164
43;215;88
25;215;113
333;215;248
88;215;63
314;215;260
29;215;200
282;215;192
5;215;87
291;215;91
305;215;193
209;215;183
1;215;204
436;215;62
194;215;146
364;215;94
223;215;116
411;215;183
226;215;300
87;215;141
222;215;164
285;215;221
96;215;308
11;215;166
398;215;105
121;215;266
387;215;343
34;215;187
136;215;256
226;215;281
144;215;335
133;215;155
372;215;53
25;215;284
79;215;97
120;215;235
253;215;281
178;215;348
152;215;112
358;215;172
114;215;295
192;215;86
349;215;232
55;215;209
377;215;210
125;215;175
412;215;104
295;215;314
218;216;243
71;216;191
389;216;115
429;216;258
71;216;359
407;216;340
160;216;290
97;216;273
80;216;111
79;216;280
98;216;353
281;216;179
361;216;158
117;216;60
161;216;356
100;216;338
36;216;220
384;216;206
96;216;267
426;216;348
74;216;283
439;216;348
240;216;279
65;216;326
320;216;314
222;216;91
234;216;121
132;216;315
116;216;221
257;216;56
78;216;221
85;216;356
421;216;339
207;216;340
369;216;214
413;216;200
363;216;358
170;216;233
235;216;290
161;216;102
249;216;345
141;216;248
50;217;84
329;217;276
333;217;68
222;217;365
186;217;65
197;217;280
215;217;323
146;217;348
119;217;136
438;217;227
110;217;288
97;217;115
356;217;238
222;217;312
298;217;339
17;217;156
40;217;344
15;217;140
154;217;310
249;218;110
41;218;278
144;218;122
100;218;344
392;218;192
142;218;162
316;218;265
187;218;288
138;218;199
222;218;227
83;218;219
218;218;216
148;218;282
247;218;75
48;218;357
335;218;289
387;218;220
295;218;198
246;218;287
84;218;228
53;218;188
417;218;52
125;219;154
434;219;202
370;219;230
275;219;347
425;219;342
390;219;350
334;219;89
241;219;324
195;219;156
2;219;277
69;219;337
120;219;105
47;219;322
410;219;284
160;219;285
179;219;365
66;219;221
54;219;59
193;219;231
93;219;312
357;219;79
119;219;105
133;219;338
400;219;215
349;219;251
403;219;135
133;219;296
73;219;143
388;219;115
284;219;104
334;219;211
386;219;149
98;219;60
363;219;208
60;219;143
130;219;300
265;219;325
81;219;202
25;219;250
334;219;160
147;219;76
364;220;163
332;220;190
338;220;312
356;220;212
60;220;165
134;220;194
10;220;134
376;220;50
268;220;281
53;220;242
73;220;351
277;220;264
343;220;229
288;220;294
48;220;63
440;220;130
300;220;350
410;220;56
61;220;241
427;220;129
262;220;340
233;220;199
7;220;85
303;220;115
177;220;231
358;220;207
35;220;183
320;220;195
263;220;274
265;220;101
46;220;163
194;220;76
428;220;260
431;220;177
158;220;327
271;220;139
346;220;192
340;220;334
165;220;162
402;220;101
295;220;89
234;220;271
208;220;302
57;220;195
330;220;165
121;220;209
252;220;281
147;220;87
204;220;95
394;221;344
232;221;219
314;221;174
59;221;180
417;221;223
250;221;361
394;221;280
414;221;262
100;221;329
305;221;108
26;221;337
113;221;312
393;221;218
38;221;126
437;221;178
175;221;295
435;221;238
277;221;294
328;221;67
9;221;361
51;221;286
239;221;225
87;221;217
202;221;215
374;221;120
410;222;204
380;222;249
418;222;247
390;222;132
72;222;232
64;222;89
380;222;237
206;222;175
212;222;293
107;222;246
284;222;208
84;222;238
150;222;62
218;222;197
307;222;231
184;222;239
232;222;55
123;222;138
6;222;334
132;222;223
138;222;126
134;222;316
203;222;168
239;222;109
183;222;316
349;222;222
62;222;153
294;222;310
165;222;327
39;223;193
145;223;107
431;223;154
278;223;132
143;223;234
211;223;57
390;223;236
99;223;76
341;223;223
341;223;146
255;223;350
155;223;245
433;223;259
51;223;90
158;223;323
193;223;338
411;223;102
145;223;304
220;223;317
90;223;189
92;223;54
388;223;182
386;223;64
361;223;132
321;223;67
427;223;234
130;223;80
317;223;218
226;223;280
39;224;166
9;224;102
39;224;84
201;224;141
196;224;334
157;224;287
396;224;363
142;224;303
342;224;118
115;224;58
149;224;353
122;224;266
112;224;359
163;224;163
100;224;76
73;224;311
302;224;255
240;225;94
294;225;141
428;225;229
23;225;294
290;225;264
151;225;256
368;225;303
185;225;241
103;225;83
153;225;249
70;225;284
252;225;335
394;225;211
269;225;287
392;225;354
23;225;323
297;225;102
35;225;251
282;225;333
354;225;290
239;225;176
437;225;222
134;225;222
368;225;340
215;225;222
308;225;192
402;225;345
408;225;227
46;225;257
320;225;249
410;225;359
118;225;364
260;225;194
125;225;308
434;225;254
226;225;168
110;226;242
346;226;361
135;226;266
121;226;141
402;226;59
245;226;333
390;226;348
106;226;177
262;226;75
71;226;158
327;226;340
29;226;114
60;226;56
24;226;171
34;226;344
174;226;271
140;226;268
348;226;102
97;226;201
367;226;269
306;226;202
433;226;298
83;226;328
251;226;274
101;226;181
139;226;280
249;226;201
159;226;187
133;226;83
10;226;286
270;226;218
97;226;99
409;226;245
300;226;311
291;226;329
137;226;365
432;226;73
180;226;362
65;226;205
386;226;218
2;227;144
393;227;108
173;227;320
277;227;102
208;227;161
239;227;240
309;227;190
153;227;185
252;227;152
61;227;100
326;227;215
439;227;238
338;228;239
13;228;104
64;228;325
189;228;262
324;228;293
425;228;107
428;228;52
377;228;314
129;228;228
241;228;262
208;228;188
179;228;129
398;228;236
237;228;66
239;228;67
31;228;360
365;228;206
204;228;83
133;228;220
59;228;151
294;228;88
312;228;340
286;228;111
183;228;309
226;228;309
377;228;229
387;228;142
181;228;171
221;228;362
321;228;70
195;228;166
118;228;118
284;228;138
421;228;291
311;228;160
16;228;341
153;228;72
136;228;186
94;228;306
78;229;301
298;229;54
215;229;252
430;229;56
208;229;338
252;229;93
347;229;161
419;229;258
111;229;103
398;229;292
266;229;62
253;229;281
235;229;328
403;229;183
169;229;219
363;229;356
430;229;337
285;229;105
96;229;322
325;229;323
184;229;257
111;229;129
65;229;225
220;229;359
125;229;96
431;229;124
412;229;324
128;229;238
273;229;245
60;230;168
381;230;206
163;230;84
84;230;181
430;230;174
392;230;149
281;230;154
141;230;129
286;230;173
308;230;180
198;230;86
95;231;346
339;231;363
225;231;295
241;231;344
355;231;241
335;231;213
384;231;280
401;231;118
136;231;296
414;231;100
182;231;66
238;231;329
232;231;132
383;231;87
88;231;154
258;231;101
126;231;240
408;231;273
80;231;287
36;231;256
165;231;257
347;231;68
412;231;257
81;231;136
399;232;152
95;232;263
249;232;283
380;232;206
251;232;214
264;232;171
176;232;135
88;232;214
69;232;194
394;232;167
60;232;279
346;232;310
435;232;249
276;232;191
141;232;293
284;232;329
207;232;184
10;232;244
252;232;302
52;232;90
419;232;285
230;232;205
391;232;145
87;232;185
31;232;309
264;232;209
26;232;239
164;233;156
52;233;78
315;233;181
53;233;248
293;233;73
128;233;197
402;233;335
225;233;268
200;233;222
412;233;237
182;233;264
404;233;242
143;233;237
1;233;292
191;233;172
385;233;68
187;233;242
127;234;121
22;234;305
411;234;242
419;234;276
431;234;131
333;234;156
362;234;224
291;234;258
62;234;166
177;234;315
106;234;357
372;234;137
395;234;102
279;234;65
81;234;304
419;234;184
294;234;186
182;234;281
439;234;157
208;234;259
352;234;265
37;234;105
128;234;192
107;234;340
248;234;230
80;234;301
288;234;220
427;234;211
77;234;319
178;234;268
130;235;268
315;235;294
408;235;339
136;235;61
296;235;309
120;235;201
340;235;351
359;235;357
387;235;314
52;235;195
126;235;291
404;235;266
397;235;233
135;235;105
358;235;217
142;235;145
398;235;250
209;235;189
395;235;193
126;235;282
165;235;286
383;236;252
47;236;77
165;236;239
156;236;266
158;236;182
177;236;302
337;236;316
386;236;134
25;236;158
140;236;268
74;236;315
94;236;100
236;237;309
395;237;294
417;237;110
86;237;71
354;237;305
366;237;80
384;237;341
403;237;296
397;237;81
254;237;136
237;237;227
91;237;353
85;237;337
353;237;247
266;237;267
435;237;334
432;237;110
31;237;152
394;237;159
62;238;126
351;238;198
264;238;110
288;238;309
59;238;317
224;238;177
362;238;86
277;238;287
377;238;307
111;238;235
78;238;78
5;238;305
384;238;158
378;238;255
349;238;73
369;238;162
159;238;273
69;238;115
60;238;122
38;238;61
291;238;181
384;238;142
384;238;136
132;238;295
102;238;308
439;238;60
400;238;141
346;238;223
48;238;157
42;238;279
117;238;319
328;238;362
439;239;223
224;239;300
315;239;198
253;239;77
242;239;255
32;239;103
233;239;364
337;239;305
258;239;79
110;239;178
109;239;117
253;239;90
277;239;339
17;239;301
426;239;342
304;239;312
87;239;288
337;239;115
120;239;250
306;239;268
369;239;254